userId,documento,nombre
TEST0001,12345670001,Usuario Test 1
TEST0002,12345670002,Usuario Test 2
TEST0003,12345670003,Usuario Test 3
TEST0004,12345670004,Usuario Test 4
TEST0005,12345670005,Usuario Test 5
TEST0006,12345670006,Usuario Test 6
TEST0007,12345670007,Usuario Test 7
TEST0008,12345670008,Usuario Test 8
TEST0009,12345670009,Usuario Test 9
TEST0010,12345670010,Usuario Test 10
TEST0011,12345670011,Usuario Test 11
TEST0012,12345670012,Usuario Test 12
TEST0013,12345670013,Usuario Test 13
TEST0014,12345670014,Usuario Test 14
TEST0015,12345670015,Usuario Test 15
TEST0016,12345670016,Usuario Test 16
TEST0017,12345670017,Usuario Test 17
TEST0018,12345670018,Usuario Test 18
TEST0019,12345670019,Usuario Test 19
TEST0020,12345670020,Usuario Test 20
TEST0021,12345670021,Usuario Test 21
TEST0022,12345670022,Usuario Test 22
TEST0023,12345670023,Usuario Test 23
TEST0024,12345670024,Usuario Test 24
TEST0025,12345670025,Usuario Test 25
TEST0026,12345670026,Usuario Test 26
TEST0027,12345670027,Usuario Test 27
TEST0028,12345670028,Usuario Test 28
TEST0029,12345670029,Usuario Test 29
TEST0030,12345670030,Usuario Test 30
TEST0031,12345670031,Usuario Test 31
TEST0032,12345670032,Usuario Test 32
TEST0033,12345670033,Usuario Test 33
TEST0034,12345670034,Usuario Test 34
TEST0035,12345670035,Usuario Test 35
TEST0036,12345670036,Usuario Test 36
TEST0037,12345670037,Usuario Test 37
TEST0038,12345670038,Usuario Test 38
TEST0039,12345670039,Usuario Test 39
TEST0040,12345670040,Usuario Test 40
TEST0041,12345670041,Usuario Test 41
TEST0042,12345670042,Usuario Test 42
TEST0043,12345670043,Usuario Test 43
TEST0044,12345670044,Usuario Test 44
TEST0045,12345670045,Usuario Test 45
TEST0046,12345670046,Usuario Test 46
TEST0047,12345670047,Usuario Test 47
TEST0048,12345670048,Usuario Test 48
TEST0049,12345670049,Usuario Test 49
TEST0050,12345670050,Usuario Test 50
TEST0051,12345670051,Usuario Test 51
TEST0052,12345670052,Usuario Test 52
TEST0053,12345670053,Usuario Test 53
TEST0054,12345670054,Usuario Test 54
TEST0055,12345670055,Usuario Test 55
TEST0056,12345670056,Usuario Test 56
TEST0057,12345670057,Usuario Test 57
TEST0058,12345670058,Usuario Test 58
TEST0059,12345670059,Usuario Test 59
TEST0060,12345670060,Usuario Test 60
TEST0061,12345670061,Usuario Test 61
TEST0062,12345670062,Usuario Test 62
TEST0063,12345670063,Usuario Test 63
TEST0064,12345670064,Usuario Test 64
TEST0065,12345670065,Usuario Test 65
TEST0066,12345670066,Usuario Test 66
TEST0067,12345670067,Usuario Test 67
TEST0068,12345670068,Usuario Test 68
TEST0069,12345670069,Usuario Test 69
TEST0070,12345670070,Usuario Test 70
TEST0071,12345670071,Usuario Test 71
TEST0072,12345670072,Usuario Test 72
TEST0073,12345670073,Usuario Test 73
TEST0074,12345670074,Usuario Test 74
TEST0075,12345670075,Usuario Test 75
TEST0076,12345670076,Usuario Test 76
TEST0077,12345670077,Usuario Test 77
TEST0078,12345670078,Usuario Test 78
TEST0079,12345670079,Usuario Test 79
TEST0080,12345670080,Usuario Test 80
TEST0081,12345670081,Usuario Test 81
TEST0082,12345670082,Usuario Test 82
TEST0083,12345670083,Usuario Test 83
TEST0084,12345670084,Usuario Test 84
TEST0085,12345670085,Usuario Test 85
TEST0086,12345670086,Usuario Test 86
TEST0087,12345670087,Usuario Test 87
TEST0088,12345670088,Usuario Test 88
TEST0089,12345670089,Usuario Test 89
TEST0090,12345670090,Usuario Test 90
TEST0091,12345670091,Usuario Test 91
TEST0092,12345670092,Usuario Test 92
TEST0093,12345670093,Usuario Test 93
TEST0094,12345670094,Usuario Test 94
TEST0095,12345670095,Usuario Test 95
TEST0096,12345670096,Usuario Test 96
TEST0097,12345670097,Usuario Test 97
TEST0098,12345670098,Usuario Test 98
TEST0099,12345670099,Usuario Test 99
TEST0100,12345670100,Usuario Test 100
TEST0101,12345670101,Usuario Test 101
TEST0102,12345670102,Usuario Test 102
TEST0103,12345670103,Usuario Test 103
TEST0104,12345670104,Usuario Test 104
TEST0105,12345670105,Usuario Test 105
TEST0106,12345670106,Usuario Test 106
TEST0107,12345670107,Usuario Test 107
TEST0108,12345670108,Usuario Test 108
TEST0109,12345670109,Usuario Test 109
TEST0110,12345670110,Usuario Test 110
TEST0111,12345670111,Usuario Test 111
TEST0112,12345670112,Usuario Test 112
TEST0113,12345670113,Usuario Test 113
TEST0114,12345670114,Usuario Test 114
TEST0115,12345670115,Usuario Test 115
TEST0116,12345670116,Usuario Test 116
TEST0117,12345670117,Usuario Test 117
TEST0118,12345670118,Usuario Test 118
TEST0119,12345670119,Usuario Test 119
TEST0120,12345670120,Usuario Test 120
TEST0121,12345670121,Usuario Test 121
TEST0122,12345670122,Usuario Test 122
TEST0123,12345670123,Usuario Test 123
TEST0124,12345670124,Usuario Test 124
TEST0125,12345670125,Usuario Test 125
TEST0126,12345670126,Usuario Test 126
TEST0127,12345670127,Usuario Test 127
TEST0128,12345670128,Usuario Test 128
TEST0129,12345670129,Usuario Test 129
TEST0130,12345670130,Usuario Test 130
TEST0131,12345670131,Usuario Test 131
TEST0132,12345670132,Usuario Test 132
TEST0133,12345670133,Usuario Test 133
TEST0134,12345670134,Usuario Test 134
TEST0135,12345670135,Usuario Test 135
TEST0136,12345670136,Usuario Test 136
TEST0137,12345670137,Usuario Test 137
TEST0138,12345670138,Usuario Test 138
TEST0139,12345670139,Usuario Test 139
TEST0140,12345670140,Usuario Test 140
TEST0141,12345670141,Usuario Test 141
TEST0142,12345670142,Usuario Test 142
TEST0143,12345670143,Usuario Test 143
TEST0144,12345670144,Usuario Test 144
TEST0145,12345670145,Usuario Test 145
TEST0146,12345670146,Usuario Test 146
TEST0147,12345670147,Usuario Test 147
TEST0148,12345670148,Usuario Test 148
TEST0149,12345670149,Usuario Test 149
TEST0150,12345670150,Usuario Test 150
TEST0151,12345670151,Usuario Test 151
TEST0152,12345670152,Usuario Test 152
TEST0153,12345670153,Usuario Test 153
TEST0154,12345670154,Usuario Test 154
TEST0155,12345670155,Usuario Test 155
TEST0156,12345670156,Usuario Test 156
TEST0157,12345670157,Usuario Test 157
TEST0158,12345670158,Usuario Test 158
TEST0159,12345670159,Usuario Test 159
TEST0160,12345670160,Usuario Test 160
TEST0161,12345670161,Usuario Test 161
TEST0162,12345670162,Usuario Test 162
TEST0163,12345670163,Usuario Test 163
TEST0164,12345670164,Usuario Test 164
TEST0165,12345670165,Usuario Test 165
TEST0166,12345670166,Usuario Test 166
TEST0167,12345670167,Usuario Test 167
TEST0168,12345670168,Usuario Test 168
TEST0169,12345670169,Usuario Test 169
TEST0170,12345670170,Usuario Test 170
TEST0171,12345670171,Usuario Test 171
TEST0172,12345670172,Usuario Test 172
TEST0173,12345670173,Usuario Test 173
TEST0174,12345670174,Usuario Test 174
TEST0175,12345670175,Usuario Test 175
TEST0176,12345670176,Usuario Test 176
TEST0177,12345670177,Usuario Test 177
TEST0178,12345670178,Usuario Test 178
TEST0179,12345670179,Usuario Test 179
TEST0180,12345670180,Usuario Test 180
TEST0181,12345670181,Usuario Test 181
TEST0182,12345670182,Usuario Test 182
TEST0183,12345670183,Usuario Test 183
TEST0184,12345670184,Usuario Test 184
TEST0185,12345670185,Usuario Test 185
TEST0186,12345670186,Usuario Test 186
TEST0187,12345670187,Usuario Test 187
TEST0188,12345670188,Usuario Test 188
TEST0189,12345670189,Usuario Test 189
TEST0190,12345670190,Usuario Test 190
TEST0191,12345670191,Usuario Test 191
TEST0192,12345670192,Usuario Test 192
TEST0193,12345670193,Usuario Test 193
TEST0194,12345670194,Usuario Test 194
TEST0195,12345670195,Usuario Test 195
TEST0196,12345670196,Usuario Test 196
TEST0197,12345670197,Usuario Test 197
TEST0198,12345670198,Usuario Test 198
TEST0199,12345670199,Usuario Test 199
TEST0200,12345670200,Usuario Test 200
TEST0201,12345670201,Usuario Test 201
TEST0202,12345670202,Usuario Test 202
TEST0203,12345670203,Usuario Test 203
TEST0204,12345670204,Usuario Test 204
TEST0205,12345670205,Usuario Test 205
TEST0206,12345670206,Usuario Test 206
TEST0207,12345670207,Usuario Test 207
TEST0208,12345670208,Usuario Test 208
TEST0209,12345670209,Usuario Test 209
TEST0210,12345670210,Usuario Test 210
TEST0211,12345670211,Usuario Test 211
TEST0212,12345670212,Usuario Test 212
TEST0213,12345670213,Usuario Test 213
TEST0214,12345670214,Usuario Test 214
TEST0215,12345670215,Usuario Test 215
TEST0216,12345670216,Usuario Test 216
TEST0217,12345670217,Usuario Test 217
TEST0218,12345670218,Usuario Test 218
TEST0219,12345670219,Usuario Test 219
TEST0220,12345670220,Usuario Test 220
TEST0221,12345670221,Usuario Test 221
TEST0222,12345670222,Usuario Test 222
TEST0223,12345670223,Usuario Test 223
TEST0224,12345670224,Usuario Test 224
TEST0225,12345670225,Usuario Test 225
TEST0226,12345670226,Usuario Test 226
TEST0227,12345670227,Usuario Test 227
TEST0228,12345670228,Usuario Test 228
TEST0229,12345670229,Usuario Test 229
TEST0230,12345670230,Usuario Test 230
TEST0231,12345670231,Usuario Test 231
TEST0232,12345670232,Usuario Test 232
TEST0233,12345670233,Usuario Test 233
TEST0234,12345670234,Usuario Test 234
TEST0235,12345670235,Usuario Test 235
TEST0236,12345670236,Usuario Test 236
TEST0237,12345670237,Usuario Test 237
TEST0238,12345670238,Usuario Test 238
TEST0239,12345670239,Usuario Test 239
TEST0240,12345670240,Usuario Test 240
TEST0241,12345670241,Usuario Test 241
TEST0242,12345670242,Usuario Test 242
TEST0243,12345670243,Usuario Test 243
TEST0244,12345670244,Usuario Test 244
TEST0245,12345670245,Usuario Test 245
TEST0246,12345670246,Usuario Test 246
TEST0247,12345670247,Usuario Test 247
TEST0248,12345670248,Usuario Test 248
TEST0249,12345670249,Usuario Test 249
TEST0250,12345670250,Usuario Test 250
TEST0251,12345670251,Usuario Test 251
TEST0252,12345670252,Usuario Test 252
TEST0253,12345670253,Usuario Test 253
TEST0254,12345670254,Usuario Test 254
TEST0255,12345670255,Usuario Test 255
TEST0256,12345670256,Usuario Test 256
TEST0257,12345670257,Usuario Test 257
TEST0258,12345670258,Usuario Test 258
TEST0259,12345670259,Usuario Test 259
TEST0260,12345670260,Usuario Test 260
TEST0261,12345670261,Usuario Test 261
TEST0262,12345670262,Usuario Test 262
TEST0263,12345670263,Usuario Test 263
TEST0264,12345670264,Usuario Test 264
TEST0265,12345670265,Usuario Test 265
TEST0266,12345670266,Usuario Test 266
TEST0267,12345670267,Usuario Test 267
TEST0268,12345670268,Usuario Test 268
TEST0269,12345670269,Usuario Test 269
TEST0270,12345670270,Usuario Test 270
TEST0271,12345670271,Usuario Test 271
TEST0272,12345670272,Usuario Test 272
TEST0273,12345670273,Usuario Test 273
TEST0274,12345670274,Usuario Test 274
TEST0275,12345670275,Usuario Test 275
TEST0276,12345670276,Usuario Test 276
TEST0277,12345670277,Usuario Test 277
TEST0278,12345670278,Usuario Test 278
TEST0279,12345670279,Usuario Test 279
TEST0280,12345670280,Usuario Test 280
TEST0281,12345670281,Usuario Test 281
TEST0282,12345670282,Usuario Test 282
TEST0283,12345670283,Usuario Test 283
TEST0284,12345670284,Usuario Test 284
TEST0285,12345670285,Usuario Test 285
TEST0286,12345670286,Usuario Test 286
TEST0287,12345670287,Usuario Test 287
TEST0288,12345670288,Usuario Test 288
TEST0289,12345670289,Usuario Test 289
TEST0290,12345670290,Usuario Test 290
TEST0291,12345670291,Usuario Test 291
TEST0292,12345670292,Usuario Test 292
TEST0293,12345670293,Usuario Test 293
TEST0294,12345670294,Usuario Test 294
TEST0295,12345670295,Usuario Test 295
TEST0296,12345670296,Usuario Test 296
TEST0297,12345670297,Usuario Test 297
TEST0298,12345670298,Usuario Test 298
TEST0299,12345670299,Usuario Test 299
TEST0300,12345670300,Usuario Test 300
TEST0301,12345670301,Usuario Test 301
TEST0302,12345670302,Usuario Test 302
TEST0303,12345670303,Usuario Test 303
TEST0304,12345670304,Usuario Test 304
TEST0305,12345670305,Usuario Test 305
TEST0306,12345670306,Usuario Test 306
TEST0307,12345670307,Usuario Test 307
TEST0308,12345670308,Usuario Test 308
TEST0309,12345670309,Usuario Test 309
TEST0310,12345670310,Usuario Test 310
TEST0311,12345670311,Usuario Test 311
TEST0312,12345670312,Usuario Test 312
TEST0313,12345670313,Usuario Test 313
TEST0314,12345670314,Usuario Test 314
TEST0315,12345670315,Usuario Test 315
TEST0316,12345670316,Usuario Test 316
TEST0317,12345670317,Usuario Test 317
TEST0318,12345670318,Usuario Test 318
TEST0319,12345670319,Usuario Test 319
TEST0320,12345670320,Usuario Test 320
TEST0321,12345670321,Usuario Test 321
TEST0322,12345670322,Usuario Test 322
TEST0323,12345670323,Usuario Test 323
TEST0324,12345670324,Usuario Test 324
TEST0325,12345670325,Usuario Test 325
TEST0326,12345670326,Usuario Test 326
TEST0327,12345670327,Usuario Test 327
TEST0328,12345670328,Usuario Test 328
TEST0329,12345670329,Usuario Test 329
TEST0330,12345670330,Usuario Test 330
TEST0331,12345670331,Usuario Test 331
TEST0332,12345670332,Usuario Test 332
TEST0333,12345670333,Usuario Test 333
TEST0334,12345670334,Usuario Test 334
TEST0335,12345670335,Usuario Test 335
TEST0336,12345670336,Usuario Test 336
TEST0337,12345670337,Usuario Test 337
TEST0338,12345670338,Usuario Test 338
TEST0339,12345670339,Usuario Test 339
TEST0340,12345670340,Usuario Test 340
TEST0341,12345670341,Usuario Test 341
TEST0342,12345670342,Usuario Test 342
TEST0343,12345670343,Usuario Test 343
TEST0344,12345670344,Usuario Test 344
TEST0345,12345670345,Usuario Test 345
TEST0346,12345670346,Usuario Test 346
TEST0347,12345670347,Usuario Test 347
TEST0348,12345670348,Usuario Test 348
TEST0349,12345670349,Usuario Test 349
TEST0350,12345670350,Usuario Test 350
TEST0351,12345670351,Usuario Test 351
TEST0352,12345670352,Usuario Test 352
TEST0353,12345670353,Usuario Test 353
TEST0354,12345670354,Usuario Test 354
TEST0355,12345670355,Usuario Test 355
TEST0356,12345670356,Usuario Test 356
TEST0357,12345670357,Usuario Test 357
TEST0358,12345670358,Usuario Test 358
TEST0359,12345670359,Usuario Test 359
TEST0360,12345670360,Usuario Test 360
TEST0361,12345670361,Usuario Test 361
TEST0362,12345670362,Usuario Test 362
TEST0363,12345670363,Usuario Test 363
TEST0364,12345670364,Usuario Test 364
TEST0365,12345670365,Usuario Test 365
TEST0366,12345670366,Usuario Test 366
TEST0367,12345670367,Usuario Test 367
TEST0368,12345670368,Usuario Test 368
TEST0369,12345670369,Usuario Test 369
TEST0370,12345670370,Usuario Test 370
TEST0371,12345670371,Usuario Test 371
TEST0372,12345670372,Usuario Test 372
TEST0373,12345670373,Usuario Test 373
TEST0374,12345670374,Usuario Test 374
TEST0375,12345670375,Usuario Test 375
TEST0376,12345670376,Usuario Test 376
TEST0377,12345670377,Usuario Test 377
TEST0378,12345670378,Usuario Test 378
TEST0379,12345670379,Usuario Test 379
TEST0380,12345670380,Usuario Test 380
TEST0381,12345670381,Usuario Test 381
TEST0382,12345670382,Usuario Test 382
TEST0383,12345670383,Usuario Test 383
TEST0384,12345670384,Usuario Test 384
TEST0385,12345670385,Usuario Test 385
TEST0386,12345670386,Usuario Test 386
TEST0387,12345670387,Usuario Test 387
TEST0388,12345670388,Usuario Test 388
TEST0389,12345670389,Usuario Test 389
TEST0390,12345670390,Usuario Test 390
TEST0391,12345670391,Usuario Test 391
TEST0392,12345670392,Usuario Test 392
TEST0393,12345670393,Usuario Test 393
TEST0394,12345670394,Usuario Test 394
TEST0395,12345670395,Usuario Test 395
TEST0396,12345670396,Usuario Test 396
TEST0397,12345670397,Usuario Test 397
TEST0398,12345670398,Usuario Test 398
TEST0399,12345670399,Usuario Test 399
TEST0400,12345670400,Usuario Test 400
TEST0401,12345670401,Usuario Test 401
TEST0402,12345670402,Usuario Test 402
TEST0403,12345670403,Usuario Test 403
TEST0404,12345670404,Usuario Test 404
TEST0405,12345670405,Usuario Test 405
TEST0406,12345670406,Usuario Test 406
TEST0407,12345670407,Usuario Test 407
TEST0408,12345670408,Usuario Test 408
TEST0409,12345670409,Usuario Test 409
TEST0410,12345670410,Usuario Test 410
TEST0411,12345670411,Usuario Test 411
TEST0412,12345670412,Usuario Test 412
TEST0413,12345670413,Usuario Test 413
TEST0414,12345670414,Usuario Test 414
TEST0415,12345670415,Usuario Test 415
TEST0416,12345670416,Usuario Test 416
TEST0417,12345670417,Usuario Test 417
TEST0418,12345670418,Usuario Test 418
TEST0419,12345670419,Usuario Test 419
TEST0420,12345670420,Usuario Test 420
TEST0421,12345670421,Usuario Test 421
TEST0422,12345670422,Usuario Test 422
TEST0423,12345670423,Usuario Test 423
TEST0424,12345670424,Usuario Test 424
TEST0425,12345670425,Usuario Test 425
TEST0426,12345670426,Usuario Test 426
TEST0427,12345670427,Usuario Test 427
TEST0428,12345670428,Usuario Test 428
TEST0429,12345670429,Usuario Test 429
TEST0430,12345670430,Usuario Test 430
TEST0431,12345670431,Usuario Test 431
TEST0432,12345670432,Usuario Test 432
TEST0433,12345670433,Usuario Test 433
TEST0434,12345670434,Usuario Test 434
TEST0435,12345670435,Usuario Test 435
TEST0436,12345670436,Usuario Test 436
TEST0437,12345670437,Usuario Test 437
TEST0438,12345670438,Usuario Test 438
TEST0439,12345670439,Usuario Test 439
TEST0440,12345670440,Usuario Test 440
TEST0441,12345670441,Usuario Test 441
TEST0442,12345670442,Usuario Test 442
TEST0443,12345670443,Usuario Test 443
TEST0444,12345670444,Usuario Test 444
TEST0445,12345670445,Usuario Test 445
TEST0446,12345670446,Usuario Test 446
TEST0447,12345670447,Usuario Test 447
TEST0448,12345670448,Usuario Test 448
TEST0449,12345670449,Usuario Test 449
TEST0450,12345670450,Usuario Test 450
TEST0451,12345670451,Usuario Test 451
TEST0452,12345670452,Usuario Test 452
TEST0453,12345670453,Usuario Test 453
TEST0454,12345670454,Usuario Test 454
TEST0455,12345670455,Usuario Test 455
TEST0456,12345670456,Usuario Test 456
TEST0457,12345670457,Usuario Test 457
TEST0458,12345670458,Usuario Test 458
TEST0459,12345670459,Usuario Test 459
TEST0460,12345670460,Usuario Test 460
TEST0461,12345670461,Usuario Test 461
TEST0462,12345670462,Usuario Test 462
TEST0463,12345670463,Usuario Test 463
TEST0464,12345670464,Usuario Test 464
TEST0465,12345670465,Usuario Test 465
TEST0466,12345670466,Usuario Test 466
TEST0467,12345670467,Usuario Test 467
TEST0468,12345670468,Usuario Test 468
TEST0469,12345670469,Usuario Test 469
TEST0470,12345670470,Usuario Test 470
TEST0471,12345670471,Usuario Test 471
TEST0472,12345670472,Usuario Test 472
TEST0473,12345670473,Usuario Test 473
TEST0474,12345670474,Usuario Test 474
TEST0475,12345670475,Usuario Test 475
TEST0476,12345670476,Usuario Test 476
TEST0477,12345670477,Usuario Test 477
TEST0478,12345670478,Usuario Test 478
TEST0479,12345670479,Usuario Test 479
TEST0480,12345670480,Usuario Test 480
TEST0481,12345670481,Usuario Test 481
TEST0482,12345670482,Usuario Test 482
TEST0483,12345670483,Usuario Test 483
TEST0484,12345670484,Usuario Test 484
TEST0485,12345670485,Usuario Test 485
TEST0486,12345670486,Usuario Test 486
TEST0487,12345670487,Usuario Test 487
TEST0488,12345670488,Usuario Test 488
TEST0489,12345670489,Usuario Test 489
TEST0490,12345670490,Usuario Test 490
TEST0491,12345670491,Usuario Test 491
TEST0492,12345670492,Usuario Test 492
TEST0493,12345670493,Usuario Test 493
TEST0494,12345670494,Usuario Test 494
TEST0495,12345670495,Usuario Test 495
TEST0496,12345670496,Usuario Test 496
TEST0497,12345670497,Usuario Test 497
TEST0498,12345670498,Usuario Test 498
TEST0499,12345670499,Usuario Test 499
TEST0500,12345670500,Usuario Test 500
